participant_id,age
512591307504,24.876112251882272
826772137795,26.0
206044002155,19.0
656950957845,24.0
108893451515,23.0
852627676676,60.9308692676249
106847803341,10.0
855821008773,21.0
390696380218,27.0
665358094819,19.0
404462559347,9.435616438
220335571493,25.0
549448988509,9.0
230496424118,78.5845311430527
113484693835,22.5
125295604279,23.0
514216395702,21.0
455526833022,21.0
518817165912,11.04931507
255727004569,19.0
183797804453,9.1
667267572569,66.33264887063655
974877812246,21.0
338866539867,27.5
952776637852,19.0
574160796443,21.0
249490422156,17.13
353593360279,41.62
839032642270,67.81930184804928
903102643483,19.0
495387604500,19.08
809667175823,43.0
820918431463,21.0
744141834517,46.71047227926078
458724067747,12.43835616
987863853354,72.5
580285657273,10.0
840847898906,25.0
406442518076,68.0
281171079038,19.0
444080364099,19.0
734097348430,23.0
702490913073,19.0
594745664942,16.0
986598837703,21.0
889475973950,21.0
674509869536,23.0
414156611560,22.0
165604485425,14.0
251152153076,27.0
495207539415,21.0
752781093429,19.0
296427539569,19.0
386443623879,19.0
698490319297,29.0
655374246890,28.870636550308014
587009566043,21.0
896362723142,21.0
910315280332,21.0
510989746907,37.097878165639976
565703410370,21.0
358027372224,68.26830937713895
636129540020,24.0
181539725053,19.0
245055811403,36.0
245235309359,21.0
600265031153,18.0
325116559617,21.0
406012214137,18.0
200829694210,21.0
400076789412,15.0
338078821659,14.0
690309517436,55.0
799436047340,21.0
287060632619,23.0
670914982191,17.6
609892457500,13.75
878124223907,24.0
453576742612,22.5
939037999646,23.0
471019443594,23.71526351813826
686706639402,22.0
148237622396,19.0
970917164596,25.0
410173634990,13.33
833933618360,68.0
869561056537,25.0
676756169324,13.12
351546374188,19.0
558379537642,9.7
545189027962,20.0
504662286528,28.0
778029593360,21.0
164064925038,16.0
206099391777,29.0
696273606035,26.0
252670417736,19.0
789224424631,19.0
751188829255,21.0
626188931445,17.0
200978776791,18.0
425788429649,23.0
666304483965,23.0
996843901663,25.0
238501970612,21.0
908737113272,19.0
814718160007,24.0
239529578005,43.460643394934976
641778374478,23.0
161819845928,25.0
980931195450,19.0
619472236320,11.0
286377011623,19.0
167010474107,28.0
205762939076,20.0
370345433121,14.0
182645665011,11.444
705166047617,21.0
961825214664,25.0
431091782369,9.789041096
538946903744,27.0
540478978405,23.0
216155634163,48.0
793173130184,19.0
835915863975,13.0
804584597484,21.0
728882736260,25.0
919267100021,73.01574264202601
825991117035,42.220396988364136
324608238151,8.7
103116472269,23.0
471209465684,21.0
496494295468,19.0
384430999120,19.0
218293958057,25.0
414912404483,8.07
416196732139,21.0
606417784213,26.0
361639893379,19.0
157627390163,24.0
421100177732,72.88432580424367
399695603994,19.0
715170698474,27.0
450325596992,11.0
184465736712,19.0
842259835992,27.5
169297286201,30.0
384366007647,25.0
420700440504,29.0
127230151008,27.5
924828864147,12.5
871062020088,21.0
587734814736,18.0
537492154508,29.730321697467488
456312815950,8.3
828779825670,21.0
958050974251,21.0
876413804784,9.136986301
558400453988,8.942465752999999
547450106968,27.5
130270412535,21.0
777229560355,23.0
645850258593,29.0
329979629812,19.0
432795930135,23.0
406097282943,19.0
916525803970,29.0
366125129833,19.0
973056160459,10.556
312461126831,19.0
166839342556,22.0
967739637280,15.0
508155480644,19.0
590542611343,23.0
795002530881,23.0
786490511114,27.0
726447225950,9.97
778826665322,19.0
343316485262,11.323
949327608209,21.0
437220520402,27.0
646345876621,12.68
345321776588,23.0
458227466938,21.0
345708177080,33.59342915811088
519733259421,23.0
659455743211,22.5
626212764612,14.0
231906033276,9.64109589
804610978249,8.9363
811547022329,21.0
519698613585,23.0
938981109987,23.0
581074279240,72.5
809505482452,19.0
722687973057,19.0
890264397859,60.073921971252574
162643690447,15.0
104654659650,19.0
972635191339,13.78
220390354293,21.0
748028963399,19.0
688318858034,19.0
748953105656,9.734246575
805388577387,34.0
526031133456,10.11232877
311225423865,6.0
894680676162,55.59753593429159
375087699975,70.50239561943873
679864071438,21.0
809210264000,21.0
664400075329,21.0
708325248310,18.0
241934772035,27.38398357289528
284931213796,9.745205479
268879454052,61.48665297741273
875390673251,27.5
548760873320,19.0
625883065867,20.0
530551923943,19.0
896035160007,53.74948665297741
244803317233,70.0
726862226876,55.0
372353765912,21.0
259351679051,21.0
977560143527,11.75890411
919028468459,13.25
528086828510,19.0
766767730847,9.97
887530654767,25.0
478734208494,25.0
861145867214,18.9
134583532509,23.0
486615289589,19.0
870653878584,34.43
164822438556,21.0
331640023396,18.0
973295701579,19.0
203693889668,23.0
380007171793,27.0
895133658171,21.0
252717977376,68.50924024640658
634620596226,21.0
603637173781,21.0
176402200469,23.0
931524427617,27.5
792504229121,17.0
891012875278,21.0
822012913315,64.10403832991102
505223133481,62.7378507871321
640829640252,10.68767123
742191010883,43.0
826102254940,23.0
539327928394,19.0
646866546911,19.0
389237925618,29.2
917435174544,22.0
851549490177,31.0
229077327791,15.0
231330798218,10.29589041
775940679010,23.0
369885949666,31.0
886413354960,21.0
516034188736,33.24
209581014407,10.0
939381022830,19.0
776519740044,19.0
643420326642,20.0
622381959459,19.0
401570348713,29.0
684466732098,21.0
554894252350,19.0
289686316524,23.0
119019619320,34.666666666666664
870383451100,19.0
917842166945,30.0
435215843686,22.0
999184404925,21.0
561734337718,31.0
810772531079,22.5
791237244812,24.0
796075391296,21.0
288219585847,21.0
673092908902,11.0
340211623411,22.0
251108118714,40.5284052019165
703926084547,42.789869952087614
513149413681,41.30047912388775
505113843035,20.0
683311152225,62.5
792075286865,19.0
403893360607,33.0
951202505969,23.53730321697468
588680393420,22.5
947434480702,19.0
908535648673,52.533880903490754
443270005074,23.0
969623446939,19.0
661825354690,30.069815195071868
995156278869,29.0
829229264200,9.69
658732984981,27.5
750015954760,27.0
599591857106,21.0
448154838901,21.0
530934590183,31.0
223064692200,21.0
399532554772,20.0
171162169563,52.5
608679778524,19.0
907977518564,27.0
130730148206,17.79
697141427612,62.4558521560575
323546159905,19.0
723719996349,23.0
146014608627,19.0
185811521075,21.0
443884348394,72.0
174763886500,61.78507871321013
733532206179,21.0
710310558743,21.0
711825599373,22.0
615353760008,9.933
319179226836,21.0
324821590774,9.0
523098042038,19.0
382364549184,23.0
358180723346,23.0
519122653786,18.0
417541833452,10.44383562
486245124301,27.5
556188520622,21.0
803660783259,39.38398357289528
822496166954,49.40451745379877
727848229209,21.0
480561361979,21.0
542761478680,11.01643836
502014416815,21.0
340884207361,42.15195071868583
596552068250,14.0
823805022711,55.23887748117728
230539378159,11.14794521
395205550869,69.27583846680356
567753707774,21.0
144550081547,19.0
329074353178,19.0
737279775927,20.0
847649503818,21.0
294096075340,25.0
936900293798,21.0
403183909828,25.0
171290254658,23.0
436570577076,24.0
462484204390,72.5
172054310094,19.0
127989683000,11.8
192529878872,19.0
858287668746,25.0
825486549892,61.0
641503012169,12.30410959
389128831451,21.0
411578175554,39.39767282683093
177803877315,26.0
595338991165,21.0
965710943519,27.5
157363866990,19.0
290836566577,23.0
431931021444,35.80013689253936
902688287778,10.0
153810221421,24.83
336517455359,23.0
339410322806,23.0
800311395021,19.0
411028202173,21.0
585134564411,31.0
928156652019,8.2
399014895585,30.0
199079306360,10.53
946082716347,15.0
313783979215,23.0
477302946114,8.542094
235909880442,21.0
780180841050,9.0
539663876342,10.54246575
477160054985,75.93702943189597
324113689628,21.0
872529642832,21.0
711702933403,6.0
827668818840,12.91
497483458757,8.42
667083244912,19.0
446105610730,23.0
701863915807,77.5
746032496734,32.5
922289872992,19.0
506541958125,32.0
277563534370,19.0
200367335302,23.0
682540333780,19.0
498933429251,22.5
375721442544,25.21286789869952
876583468696,24.0
622888774016,19.0
353499953161,22.5
668766205850,65.66735112936345
278859613706,8.375086
567011290205,25.0
225495052599,25.0
274663764893,19.0
539946177552,21.0
553980195351,14.0
650124359274,19.0
475942618761,41.0
867582298309,12.5777
412405591527,25.0
511145985367,31.854893908282
202036712129,21.0
273799460640,8.062971000000001
408240315301,21.0
596439418214,59.14852840520192
848884705355,19.0
117730404599,32.5
863700256831,19.0
497215688436,21.0
766985344911,23.0
854351385010,21.0
757057096066,22.5
758981695931,19.0
507316241895,20.33
865049849440,18.0
487885864728,20.0
870400442875,17.9
255360929670,29.0
301313422615,23.0
406583604959,65.25941136208077
221201405517,41.20465434633813
285839371492,12.0
660847550385,8.408219178
491370394347,25.0
579996063674,11.0
725821040249,40.0
380484222237,19.0
275841492998,30.0
494402729031,62.24503764544832
253019663551,19.5
902598751321,21.0
918881052509,8.67
379219398221,21.0
501412735160,10.79726027
484148497117,22.5
924907998371,67.33196440793976
996103732554,19.0
584133814549,21.0
224456072364,19.0
241739908307,79.0
408964579184,27.5
265534577682,13.8
683977145503,23.0
286260365723,6.329911
585840627036,19.0
795710895899,9.0
906563060004,25.0
910257374237,52.5
745672226345,12.8
278388213595,23.0
742020470746,19.0
236684962470,31.134839151266256
933451667612,31.0
870309621562,11.16986301
461899341745,23.0
734028308401,23.0
691759233511,19.0
844369335575,10.59726027
342678331032,10.0
527520173294,57.73853524982889
248621586039,67.5
696040052001,22.0
115321957741,24.0
343048366064,19.0
399896091241,27.5
305446044226,26.92950034223135
827202849142,26.0
538778430581,21.0
782020601813,21.0
771512436978,16.8
579899565725,21.0
749242679952,60.41067761806981
640376430100,21.0
777922197558,20.928131416837783
521784895043,8.898015
535399597427,32.0
817752088722,35.80561259411362
462927684123,22.5
752296417260,19.0
478424896940,25.0
891720291413,14.09
586887695836,8.821917808
188659362086,23.0
947688278769,9.117808219
493548099048,21.0
368447789543,53.53593429158111
504073242885,22.0
496049662826,15.0
726583561602,59.78370978781656
742853610871,15.0
200688160174,23.0
509844839359,21.0
284467484968,25.0
491555377117,28.56125941136208
491115214422,25.24
292093039235,21.0
755838130322,19.0
461059456603,63.181382614647504
943181440809,16.6
445528481752,19.0
983172589376,11.72876712
949681988886,13.5
608690804111,23.0
324666272814,23.0
911595640218,21.0
140896025599,19.0
325005086709,19.0
612136152096,23.0
924687982745,29.57426420260096
304156026895,21.0
851847771111,33.763175906913084
609062293978,48.25462012320329
792038430709,21.0
836204819379,9.268493151
948024242025,21.0
615511318906,27.5
275393428702,21.0
216116849338,23.0
482977570138,29.0
480081003183,11.66
452602070698,19.0
477777727414,23.0
627471727969,66.90759753593429
239489511795,13.5
199603028032,30.66
693382231073,29.0
857145788944,19.33
323928652465,19.0
579327790838,22.0
190752474867,76.78028747433265
839452249071,60.5968514715948
649823056480,24.342231348391515
290821153245,19.0
431876074723,31.0
641201171998,9.61369863
577293045337,20.0
896261416622,23.0
578915055891,21.0
124881102242,45.388090349075966
926868125478,16.0
361759510060,23.0
369377780623,23.0
338890021385,25.0
750841455509,33.0
986168019499,23.0
482038057597,19.0
517627279842,8.67
186670859341,27.0
987725617016,24.0
468444508245,10.0
271649634632,21.0
920272941764,29.0
354347287146,15.0
635915234969,19.0
642915495773,25.0
408824965323,15.28
405742266217,36.21629021218344
866922267325,19.0
796107983896,12.0
333565589079,7.0
843782950137,14.76
379901232997,9.156164384
538898447435,9.1752
105699817140,21.0
238824792464,21.0
418353004170,21.0
497501390567,59.0
644777973300,27.5
633602514995,23.0
511947368541,19.0
609656607957,48.07939767282682
996579398931,27.0
640745291862,19.0
963133661163,17.0
875887270246,14.66
711880120870,19.0
544715833793,22.5
381318055265,22.0
204753452338,19.0
868866368860,72.5
770298145539,19.0
672791368571,11.65753425
466074153509,25.0
531172214225,25.0
650193008460,23.0
199914722921,23.0
376234889907,19.0
826455898290,30.0
669502250517,21.0
536470263663,21.0
502907007823,14.0
132314739842,19.0
588017006762,21.0
450248382846,11.0
421808511913,23.0
622250944839,21.0
443552576139,23.0
438120135608,62.06160164271046
125025808425,23.0
726436684201,22.0
291992215520,19.0
383134182753,24.0
137114651299,28.0
815762978204,16.88
949217685462,22.5
349234485107,19.0
689747547774,62.95961670088982
191130301619,27.0
210027157954,11.0
143185051068,25.0
677737173589,9.0
723096670239,19.0
221319995904,19.0
238840828064,12.65753425
442069078771,52.5
558059595100,19.0
619041447551,13.86447639
442131715190,23.0
842111262914,48.05201916495551
768654883244,9.034908
947530831842,25.0
449523109612,29.0
945685896914,18.3
525096935871,22.0
182445285893,19.0
238319148726,30.0
677684213717,21.0
446371809226,21.0
298312793047,21.0
530484284929,27.0
623405236906,21.0
480092109529,23.0
493277753851,9.394520548
770697219769,25.0
731884047204,21.0
397541416103,9.819178082
133341745639,69.28952772073922
386499017794,9.15
537896211156,7.326489
183653154751,18.0
595372614006,24.6543
804603292659,41.05954825462013
371832295715,23.0
480547839037,29.0
489797046592,10.0
578912543438,13.0
734932297481,25.0
144446563322,24.0
190824700808,42.0
694112100550,22.41478439425052
869522707783,7.989049
603274442678,21.0
600275574870,8.920547945
779514017707,19.0
468109133630,18.0
546222000389,24.56947296372348
259424184976,11.0
696878407859,21.0
871665254271,19.0
890707760272,19.0
466344740883,9.0
563291815565,19.0
530817417732,19.0
672500627179,31.895961670088983
339463534591,19.0
514113966552,29.0
180525608294,51.0
278339857109,12.66027397
388296216663,12.60547945
185058251219,27.5
474704091659,44.9199178644764
772118614430,59.00342231348392
189547516532,23.0
542257236175,21.0
870097433973,19.0
780786882991,19.0
529591604049,18.0
120159232504,19.0
775584956556,8.854794521
349091379990,11.95068493
900004567178,54.0
885298009427,67.5
674149431427,25.0
858765038570,19.0
168789437246,19.0
241089644624,37.0
781892887045,21.0
542398394549,24.0
915468023299,11.2
807604407302,9.0
380421212894,19.0
337161398064,23.0
611520063730,19.0
207858828670,19.0
763770809315,19.0
909164871422,23.0
774740356265,53.670088980150574
361621631193,21.0
473379095025,28.50650239561944
729143650901,19.0
314576902106,23.0
127728266565,21.0
672403936752,35.40588637919233
344931898645,9.0
353156518163,22.5
532899301034,9.3
248018078594,21.0
455375044946,33.0
725785336385,82.18754277891856
280829663174,27.5
458230027649,19.0
154886350989,64.0
492342176669,23.0
927248566385,19.0
359665775969,13.0
551781438290,21.0
794734640420,23.0
950542329934,21.0
824016129369,19.0
459781782269,19.0
788968945004,26.0
272699721591,21.0
541303066659,19.0
143433115346,21.0
834759665803,21.0
881977543881,21.0
309443085461,18.0
979395608934,23.0
629066084898,21.0
920482922866,19.0
107012705146,20.0
651379322987,12.33
144658033075,29.0
343433330208,23.0
584071855973,18.0
351668169349,19.0
566608301162,18.0
447368311317,23.0
783961028096,19.0
225338597322,27.0
981286493399,23.0
315096818503,7.0
357131710050,20.0
991826633582,24.0
741541005641,54.60917180013689
191917648773,11.8
486133856944,23.0
252614167190,19.0
707270874156,74.0
578146676720,23.0
190960900665,60.0
185101775136,28.0
299128749353,13.0
191462151641,19.0
800984068342,25.0
680757856739,22.5
314160125753,27.0
848559622345,21.0
509770945531,9.783
600653104909,25.0
639706198725,19.0
352892368365,10.0
125239324117,8.906849315
817170359143,21.0
521410433804,33.24024640657084
850736393225,21.0
372729344859,46.59000684462697
104756934188,30.0
345990586356,21.0
329524874913,23.0
873064193457,22.0
243251639637,21.0
827210987847,10.25
216437025414,14.4
545766225869,72.5
477362713467,10.08767123
494429682464,21.0
785605129869,19.0
596066839689,23.0
503460268168,17.8
650286627379,12.0
836905304579,71.0
209902813254,21.22
741652187641,21.0
766124719459,32.5
917600588024,69.0
537034379289,17.36
648813490696,21.0
695273924163,21.0
761933517719,19.0
490000239058,19.0
252880188419,17.56
619489060193,19.0
165972132497,21.0
614767601532,22.0
408202532508,59.0
880908935164,52.53114305270363
103326586557,26.8528
585890839608,26.98425735797399
192969634654,32.5
475042891594,13.79726027
221347736884,21.0
976906636902,22.5
130281900088,25.0
846136040386,24.0
141883005255,42.0
134269526020,25.0
815173026303,18.0
958464456805,55.65503080082137
436067739350,25.0
700656025905,10.37260274
881514656591,25.0
546875623860,21.0
132624812140,27.5
559597730211,23.0
517932747297,71.66324435318275
752863684946,21.0
939635291034,21.0
986532015071,21.0
829944719647,27.0
770198451893,25.0
292931997189,10.82
566869073328,9.632876712
641924756694,27.5
602114713255,16.0
266307733456,25.0
582324789442,21.0
558604874300,32.16974674880219
349042220249,11.0
693063068070,23.0
838089558550,35.0
695242338127,21.0
162911360437,21.0
322973581068,11.67
755143257543,18.2806
503660804724,27.0
654400627499,60.0
328411797408,21.0
847264219865,27.5
573338784763,12.58
605870296030,18.0
790692389068,21.0
920988541453,27.5
862728958301,23.0
916402602255,23.0
478282076570,23.0
181778515289,23.0
121236619259,32.5
305664557456,25.0
405164913230,70.9514031485284
212864828873,22.5
263819529475,33.91649555099247
606047187144,18.0
840506833125,29.004791238877484
713238312807,54.42573579739904
240000170343,13.35
733900295883,19.0
826451552289,21.0
994631602724,10.84
924333698510,11.178
761933695478,40.03559206023272
454953257900,24.0
802458837032,21.0
676763352592,61.15263518138261
159585669819,28.347707049965766
309832555943,44.093086926762496
963831379087,19.0
247463425270,21.0
548750637639,12.73
351431035741,19.0
209223851167,18.5818
750186825284,19.0
906893775405,23.0
572747785752,11.76712329
211479171648,30.0
157494563025,21.0
394973589257,25.0
265685893940,23.0
244867958007,38.90212183436002
714049164247,44.0
864417281787,27.0
221620880012,20.908966461327857
404426387175,27.0
160619551339,21.0
238515208525,21.0
538129865393,9.2081
558960275349,22.0
973781454136,19.0
326198300394,22.5
850074786993,8.024657534
434727906853,20.0
434364030663,21.0
929666036859,19.0
751707093596,52.689938398357285
819847023081,27.0
777893483077,30.0
709336090516,21.0
494293108467,20.0
511948912967,19.0
124729451238,67.5
814384578384,71.0
776201201249,23.0
106084308551,27.5
849064822186,27.0
606527255214,22.0
617184569359,23.0
493471626213,20.0
732953690458,21.0
532271128785,59.74264202600958
997144206185,41.0
911498902603,21.0
793040141067,21.0
373122705602,22.0
937536731279,22.0
347834054808,27.0
408349314195,23.0
144517208850,19.0
963376929670,13.46
348573416015,42.5
999027816075,22.0
627005612106,19.0
519801603913,19.0
846809877368,55.16769336071184
595618580909,18.7
863158771926,9.032876712
691371386930,21.0
584112525911,23.0
504323401470,12.0
519085723694,83.0
644560253408,22.601
899095634562,21.0
229531083910,21.0
699419348039,21.0
123234343655,44.48186173853525
974405616418,41.94934976043805
395784692228,13.0
352179726844,19.0
673884038980,27.326488706365502
834921406993,21.0
912008466536,17.2
209571211775,15.25
365096018286,40.55578370978783
669147517964,22.5
710313763466,12.38
304598813829,25.0
707906391106,19.0
296480886181,25.0
870394430007,27.0
464682388944,23.0
190926752717,25.0
161374462751,21.0
780103882043,59.50992470910335
780945670746,32.75
993601032415,68.85147159479808
610209673140,21.0
348472885765,23.0
642736420938,21.0
354836536215,18.75
653961973252,19.0
831104295303,21.0
156242290939,9.819178082
679338528035,31.84941820670773
887424714190,76.0
456991816184,22.5
236877858843,21.0
354196077108,23.8466803559206
881158372238,19.0
182985606883,59.0
376647528418,12.0
776489659954,72.5
450965099560,21.0
641352058645,19.0
258374254828,19.0
499339327714,16.0
378122195243,17.5
558802533319,8.471232877
558541399225,21.0
264717518453,19.0
983287078347,15.74
834050217069,19.0
997577988986,22.0
479779230782,21.0
380942221635,12.0
293152138205,19.0
763015005475,19.0
342594433655,28.0
225907205512,14.41
563981968175,19.0
654087624056,13.9
639544814415,21.0
785101208040,60.0
905468027051,19.0
818648562062,9.167123288
670440267086,21.0
904230068278,9.0
849137971945,21.0
451533497093,19.0
187117610937,14.37
528159895368,19.0
265273157235,29.0
461276348768,8.74
833762581917,22.5
690939385110,25.0
798649997254,21.0
762537788840,32.0
565908100162,12.4298
783690359289,19.0
494788265618,12.00547945
221264002579,24.0
249622142769,27.5
395668270984,23.0
786594979854,6.0
853151028555,26.0
603015713565,10.0
138111937707,10.35342466
102730278561,19.0
901679307794,22.5
220370805249,21.0
901046779045,26.0
925264389205,70.0
696387902428,27.5
483551880880,27.5
254063930053,43.16221765913758
719423973532,22.0
592239322410,19.0
906109401964,12.35342466
695426581946,21.0
258048891312,21.0
201390671874,13.30684932
126224773957,23.0
747049784071,19.0
862933690787,21.0
429797756660,21.0
686436805646,33.17
462074510675,24.0
693325060378,21.0
581313710290,7.66
940212166039,21.0
540543807336,19.0
586524106373,11.44657534
299651462165,21.0
853317809055,21.0
200503449675,27.0
617548875008,32.5
806985265271,18.0
832192965978,19.0
760927711967,19.0
421366001843,19.0
720776154383,10.05479452
657704975547,18.0
950287307481,8.0
947048943658,22.5
574676182729,21.0
477544457426,10.41369863
849159958030,19.0
228370965361,24.0
353927466643,21.0979
711810000233,52.30116358658453
438282986473,60.90622861054072
459946543901,12.6489
848303531880,74.02600958247777
111417977585,19.0
373628596753,21.0
931522580771,21.0
375939080828,27.0
451569316549,31.95619438740589
997706219656,23.0
494808050710,21.0
462044176559,22.5
786210585416,23.0
112139632444,13.0
513842955165,52.6652977412731
682565238858,21.0
148388865585,10.0
480242224316,19.0
310760540924,21.0
614986450038,27.5
912891258738,25.0
562839089454,42.5
534104063338,23.0
700501332403,21.0
280353298061,23.0
914484668303,27.5
984212089358,21.0
554540369195,57.21013004791239
463459305778,14.0
805310521997,9.44
486471404776,66.90759753593429
261295933568,13.0
196146731599,46.0
645692300786,21.0
349851138030,33.0
422564244037,25.0
323188212103,18.7379
144863316344,21.0
612992669944,19.33
813575465955,22.0
801647502527,19.0
119167600899,13.0
341129349615,8.898630137
749715302318,21.0
968573886024,19.0
898717996826,11.83
541782998562,21.0
391000843234,28.0
851134973595,33.0
527550273544,20.0
705262524970,19.0
639874239232,22.0
399660498118,25.0
116651167956,71.2060232717317
835540494601,23.0
176123703987,23.0
241456506011,14.2
314632035565,23.0
713067588921,23.0
163558591208,62.08898015058179
333770090916,55.63586584531143
605330686646,19.0
998567081914,60.0
788524139489,25.0
488893580166,22.0
852840866495,9.860273973
457656563132,25.0
842438804330,27.5975
669071917132,21.0
542120424077,70.83641341546884
723029434653,27.5
544551531568,27.3238
932928363014,12.0
320209332584,20.8
940873808553,24.14236824093087
928674316476,21.0
431442510774,20.0
907846695925,32.0
404646362299,11.55
671107640505,28.158795345653655
754051367234,23.0
474246759950,22.0
778852656136,21.0
616304398458,21.0
669938223438,12.4
646068282127,19.0
492464773660,12.92
769671625319,15.0
659343191601,19.0
670439921796,21.0
428735293071,25.0
369829615819,68.12320328542093
972488849948,27.0
651479451260,9.684931507
213706959470,19.0
264104876540,21.0
365377487798,23.03901437371664
300521812714,32.0
222441587470,8.46
566226278120,22.5
187090693848,22.0
142262191767,19.0
195281345026,23.0
877751571376,61.33607118412046
766202082508,20.0
429128697868,11.8761
504254596687,18.0
100479214233,21.0
575234378047,22.0
259547897813,19.0
866713785429,62.5
198882545020,21.0
486972667341,24.0
757931942373,23.0
357813435697,8.0
178786468108,9.75
209038064880,21.0
904298927510,29.0
596630833773,21.0
507884784363,23.0
181291024762,14.0
299515347423,19.0
992659217265,26.0
172140404865,19.0
944780637236,22.5
234544356705,23.0
664052311069,21.0
672056914948,83.45790554414785
330412849241,19.0
658403838316,17.0
664974219741,27.0
951213761774,22.0
935317604703,21.0
987183158187,21.0
428749095291,23.0
607709228236,19.0
761178177952,19.0
173733544878,15.0
218043359082,13.28
251630004450,29.0
436602454221,14.0
310792111263,31.2827
191721733310,21.0
661066566833,13.0
349981404460,19.0
420357341840,36.06023271731691
503738728205,14.03
973270677867,19.0
104893688989,27.0
766537706017,12.4
305971565873,19.0
495214442213,19.0
892980852230,21.0
375839754407,9.0
741636551928,38.0
526119249037,22.5
862351405786,21.0
528421144678,15.91
829286451165,46.36550308008214
205303482394,23.34839151266256
375914855182,29.0
154228017477,20.0
376021642604,11.0
714328515596,20.65
436915075418,9.083333333
747532219636,53.53593429158111
732461942615,8.1
417503911696,27.0
780065374239,20.0
155222075279,67.0
275672449200,21.0
636479953124,19.0
431389684208,32.5
433878320958,19.0
904150571086,21.0
769448459080,23.0
273878067755,10.0
520091474797,34.23682409308692
508767756378,12.0
214736954511,27.0
378259915805,21.0
360897302316,21.0
207042049080,21.0
702869357469,63.09650924024641
760422023808,23.0
268040113669,21.0
997004175200,21.0
307350205323,32.936344969199176
334231800739,21.0
953400604911,9.208219178
717521415493,83.81108829568788
296656452301,19.0
774322633508,19.0
140076989326,21.0
837165336315,21.0
278306641376,19.0
197059739649,48.54757015742642
607793324229,21.0
211954748415,12.0
797812763865,23.0
413362965269,22.5
744840336405,24.0
610598919254,35.58
912438054748,21.0
303310574754,72.5
389833780372,26.0
698835635925,22.0479
695085570524,27.92
954752152568,19.0
532024257558,67.1129363449692
747751581308,23.0
928379379406,19.0
541464924960,59.68514715947981
953022551113,25.0
858944435768,30.143737166324435
414574519306,58.830937713894606
231974987170,30.89390828199863
531902648118,27.5
445165036651,43.0
939702092734,19.0
989894994426,25.0
807440222278,25.0
519256340478,9.25
589159090994,25.0
411339149603,17.0
289431285739,14.0
987675138457,18.0
198802102032,19.0
163171707993,21.0
546159793818,19.0
477906303107,67.5
856562281896,19.0
809547720905,19.0
942090196392,21.0
618287927693,13.0
540712487602,21.0
692150651594,22.5
659879157552,19.0
859835440909,27.0
331344566757,73.0
399522447362,60.0164271047228
719305753553,29.0
182055715585,64.64613278576317
781171966594,31.0
344117507142,43.82477754962355
128924235805,72.5
518298583047,67.5
754458206989,19.0
149065190596,21.0
130624212805,9.564383562
741359564210,67.69883641341546
522635986366,10.67
996590600673,8.43
613224225766,9.9548
769744298197,19.0
709379526999,53.407255304585895
112581979205,19.0
917433394750,21.0
710980622258,60.101300479123886
782755729398,37.5
805739682206,21.0
872499226250,35.071868583162214
390641627114,24.0
187923963114,30.67214236824093
303933482994,21.0
121315843872,34.36550308008213
523056996207,23.0
787836264343,25.0
869807719337,23.0
964642400113,20.0
236070480159,15.0
775173632081,21.0
524943052363,16.0
867701378046,20.0
625981000050,19.0
520349870969,52.88706365503079
988202444857,24.0
594656396715,29.0
514812597461,9.0
429800757560,18.0
838826556270,21.0
691485115052,23.0
898016119281,19.0
730097934670,27.5
866659229411,71.0
977410937885,19.0
215886595624,27.5
315766466513,19.0
709709181957,8.87
765748207688,19.0
697511740663,49.38535249828885
127322656952,21.0
476860143951,26.0
819765846714,12.66575342
312401593415,40.81314168377824
329453058291,21.0
931419407006,22.5
789333583005,35.0
851966215203,22.5
525653325297,24.0
722712736840,23.0
741706908470,19.0
806263558975,28.0
142756155441,16.2
108737376161,22.0
723403836764,21.0
700850861541,13.8
471135465411,21.0
298394215355,19.0
331581518043,63.83572895277207
580748616468,11.72876712
488302703346,13.0
617901292458,20.0
790241781136,72.59411362080766
723995805134,8.64109589
542231428806,37.828884325804246
810826854275,19.0
839924034192,22.1793
299898598078,24.0
518050018372,23.0
901004563315,23.0
356042483824,19.0
497005491341,23.0
574114738756,18.0
352012295215,21.0
228560693895,22.5
733521303257,19.0
675837960607,37.5
737772953793,63.67693360711843
796344361436,21.0
273169726487,19.0
147386486868,11.0739726
309024406654,12.3477
757409269329,60.0
705041557672,58.56810403832991
547460968610,19.0
265153296950,13.5
492310557789,25.0
572336248338,22.5
814384510207,21.0
486423606320,43.91786447638604
907154865800,21.0
687730767942,23.0
225032756965,19.0
679731921792,26.0
467112314797,9.309589041
962095900736,31.0
467642644644,21.0
170536232281,55.54004106776181
244954065411,19.0
310729634371,14.0
900348386642,33.0
266666775428,12.0
467335236616,20.0
488756364056,27.5
694127992242,17.6
776559088401,25.741273100616016
937364217957,10.82465753
351910982438,21.0
865879829269,11.01917808
461078040898,10.1
824231976656,29.114305270362767
962854214097,27.0
972559314245,27.0
854248757945,77.5
817372801543,26.0
300869797602,23.0
895397981435,18.5517
312712182553,10.72
646517610067,19.0
699269720091,61.0
242962705641,21.0
124641364359,21.0
468259562618,21.0
850844438672,23.0
354022763474,23.0
929322786948,37.94934976043805
320966169093,21.0
196179687529,27.5
680302874420,13.36
666278270179,21.0
363363913061,26.0
333583533583,24.0
353103739610,34.1
154103308424,13.01369863
146447578450,23.0
522964764253,27.0
226781082361,25.0
469128986440,53.41273100616017
414506329694,72.26557152635182
462590078135,22.5
195935417501,21.0
603550058118,21.0
900669455649,23.0
668199381050,18.0
621736610839,10.69589041
192108161449,25.0
334998047154,19.0
438858327228,59.12936344969199
799096182745,25.93839835728953
698919527941,15.3
844469283877,14.1
512682505677,21.0
322877038510,37.21013004791239
327818254945,74.6365503080082
117262576182,9.7
642532666019,19.0
876267012411,19.0
762070675429,62.0
572513296369,21.0
942337019356,23.0
376614727318,11.02465753
755625059611,8.851472
490316768116,27.0
319525352770,61.58795345653662
995055914773,23.0
184796333025,15.0
894512709599,12.36
221448045666,20.0
687363608821,10.80547945
306129715275,12.0
365948065175,8.0
376916029284,46.00684462696783
938749379533,19.0
715730829823,46.0
195818230472,25.0
487060207493,23.0
579548048094,10.60273973
404890471575,51.0
199368890202,27.0
142608681206,31.0
890378597643,19.0
411909651851,19.0
341026253050,69.54688569472964
371096451080,21.0
842405684907,11.0
289461458220,18.0
380107200295,19.0
926186325110,21.0
857482847130,16.0
900503064848,23.0
628738898345,21.0
946000351967,19.0
441115735819,22.5
663994701427,24.2611
107385462103,19.0
943359697274,9.471232877
715188657730,41.90280629705681
731158961758,26.0
795773669005,67.5
346320393320,27.5
911803480648,19.0
361497480263,25.0
853829288453,14.86
992514956211,15.0
210405402058,27.5
794588803641,9.301369863
854122998143,23.0
891609925981,13.0
734237194162,24.0
361390550814,12.08
959069242210,22.0
976182490642,33.53
476332359213,66.94866529774127
645710982073,21.0
361024685049,16.9
256511281689,19.0
620208115958,19.0
831420461855,18.0
556282864284,19.0
745767581086,8.854794521
604403915211,22.5
498296814482,9.057534247
801338861657,22.0
382993467413,21.0
644732629191,19.0
782213755099,19.0
135700393345,19.0
737123719510,19.0
479447504648,10.2
202617672982,11.28493151
334236675736,26.0
554433867792,11.0
375954438630,9.3
715646324429,19.0
205057332807,23.0
199939483372,56.87337440109514
754454498342,22.0
989364744933,63.54004106776181
303698168005,70.24777549623546
726037746493,19.0
104333986026,8.380561
828311225647,12.01
697168059795,21.0
615418240534,23.0
326361078662,56.2
930307385185,19.0
126731927083,21.0
137249105377,19.0
779760142266,20.0
972640558751,19.0
638986001058,11.0
822667153127,60.895277207392205
645057554740,21.0
754065609304,27.0
622939334251,8.983561644
558939022769,24.0
244085485212,10.4
620984229042,44.88158795345654
460977191979,23.0
365929187605,23.0
416547426671,19.0
720232681928,19.0
219534619012,19.0
356952233015,19.0
769197912961,23.0
234754984795,24.0
674592363321,73.56331279945243
762833422997,79.0
567035745011,10.50136986
772633785103,19.0
510978667156,10.67671233
440221941356,21.0
561933935805,28.61327857631759
932962485355,20.0
657490657270,25.0
705884941324,17.0
333365007279,19.0
665230680224,23.0
959189618055,19.83
451568083712,27.0
768568343560,20.0
901120068549,21.0
716555194023,24.85420944558521
887796798530,29.738535249828885
392003255317,22.5
632118830745,27.0
274268361591,72.5
472325050640,60.0
966603052384,64.66255989048598
702089918687,22.5
840924117029,21.0
596648006143,22.0
986662453858,22.5
137935620257,19.0
123233851263,25.0
679762367696,46.22039698836414
306640245722,33.0
471055677982,67.5
619550922545,38.77344284736482
794804660894,14.0
947217988145,10.6927
485023310830,13.38
620257630539,19.0
472759352092,59.22245037645448
961483413696,8.153319999999999
761342473396,21.0
208102410175,27.5
640474032496,19.0
197022623926,19.7591
783542275031,21.0
795999168691,37.0
543866398227,11.84383562
416363571113,16.0
948173892357,22.5
648086716299,37.6974674880219
786291754095,8.3313
859071508378,39.2526
478046709665,53.30595482546201
194684487354,27.5
547139274284,19.0
836293495017,13.0
680990983274,28.0
725415967620,19.0
562931531957,75.82751540041069
647719670521,19.0
177231880980,33.0
809063090399,48.0
675459567756,21.0
297343119496,21.0
351603832845,63.24709103353867
672611254530,21.0
140606705309,10.08
641785343493,24.76386036960985
614478580712,72.82683093771391
537117242845,21.0
194461506428,27.5
287470725724,14.0
702445157950,19.0
801361893773,19.0
254729298278,42.5
715391018569,59.47159479808349
131485716864,10.49
249349570195,19.0
166243374724,10.83
306285398472,13.0
985675086687,9.270362765
871227205934,45.6974674880219
499061605207,20.0
811800470787,12.0
823314386412,23.0
505313912099,10.0
992555534948,20.213552361396307
340425446065,53.32785763175906
156820928962,19.0
507959688959,23.0
364387139516,20.0
671881150872,21.0
550373790770,26.57905544147844
133292484570,29.0
284979093050,25.0
625380292482,19.0
100544064116,15.0
121738146757,25.0
592480598244,19.0
232603114020,21.0
101942030871,19.0
451093590992,20.51
355310107861,21.0
167716104239,20.0
398850980214,23.0
172045848348,18.0
789505181151,21.0
427917643660,15.0253
856532049659,9.79
523327138347,15.91
544128411470,74.98973305954826
936672607215,19.0
994359308124,21.0
802325946883,21.0
866125125908,67.16221765913758
662096726150,13.0
808051274484,32.5
659006086496,18.0
594451160548,21.0
467659061528,73.18275154004107
526879269662,21.0
276300333762,19.0
831498430235,21.0
515473988139,72.5
130750381188,27.01437371663245
742564189204,19.0
787007356879,22.0
429751358413,19.0
841148850958,47.0
169353478984,19.0
120208266498,60.539356605065024
929232257334,29.77138945927447
684188028169,11.66849315
716969824239,23.0
250479162697,59.38124572210815
134999314713,23.0
701764432954,38.93771389459275
452912513368,19.0
848304365784,28.0
659008210173,22.5
841518676943,25.0
802008837921,25.0
685299118745,18.0
237021285455,27.0
558593437333,18.0
905521354661,16.66
787199115410,62.5
825201030964,22.0
597843888777,9.73
354907815533,8.178082192
557315657627,27.5
387252211403,18.0
387984296108,21.0
347809484806,22.5
477274544676,24.0
775830586801,29.0
205485410446,27.0
699308493154,20.0
108681547305,21.0
234024541244,25.0
247404824122,19.0
306848656753,8.39
117310191719,21.0
281250458251,10.29
190741588707,19.0
886027172791,22.5
460702666723,19.0
893805064891,28.0
276750471965,13.0
680339578873,50.90212183436002
461138178469,19.0
394058698992,19.0
197974406551,23.9
115044780386,33.68651608487337
130488967679,22.0
776152914559,24.002737850787128
403868905316,9.5
745910997827,21.0
737776786402,11.0
422726021651,21.0
819058231563,50.65023956194389
749312838847,8.17
615539517070,17.0
591687985082,19.0
409603744945,23.0
656989737791,41.09514031485284
924651987648,11.76438356
245306557719,30.0
744298999140,47.5
497610867892,23.0
886003620269,19.0
271317255923,23.69883641341547
514546668706,60.9199178644764
808039124835,19.0
119139956064,24.312114989733058
925503805331,25.0
292562158968,19.0
126388114927,19.0
291587861176,16.104
631760081925,21.0
183469803882,29.0
578842404933,24.0
203856470224,65.85352498288843
351489708854,19.0
645780261271,27.0
664760112772,56.939082819986325
882865046935,21.0
317505052751,21.0
707928232054,23.0
890440701443,9.575342466
113308512211,61.0
711460991328,25.0
158783204186,7.126626
511100454521,19.0
693399183927,22.5
120396235891,8.1013
626261127584,59.88227241615331
816794694787,19.0
728218320536,23.0
140330630373,22.5
326678679771,28.996577686516083
713258499606,86.19849418206707
700247842557,25.0
316019186858,23.0
250985467668,19.0
385702896791,19.0
791276074550,32.5
146639891883,22.5
172761051392,21.0
476225261644,19.0
670965706532,18.0
225761821123,67.5
481338540032,27.5
704612841491,25.0
475410408128,21.33
973607125517,8.063013698999999
705347968085,33.138945927446954
222857937247,11.0
698839379175,9.0
260062396891,19.0
952477762961,21.0
924511741709,64.0
788150792132,22.0
619456358765,29.0
318449589396,25.927446954141
211700292441,8.0
170052380551,19.0
883718570961,19.0
660910676815,20.0
179250768268,69.0
319982702208,9.7201
709739847071,27.3812
223760514375,21.0
292984908300,23.0
173601103742,21.0
718994616498,22.0
537131646189,54.277891854893895
703251898539,21.0
687870123935,21.0
889247652259,49.0
871014392779,23.0
923642697698,19.0
225946046364,19.0
510407668762,15.53
304646821863,19.0
823338568536,19.0
930665355870,58.76796714579056
678825690563,67.5
639397399359,13.0
429746311818,73.54414784394251
124676200421,19.0
830297451917,23.0
506026946056,22.0
634456883025,24.0
561752414596,46.0
665518598470,9.161
234533737919,11.0
244687579716,19.0
215419545430,13.66
210286147525,21.0
894332605596,21.0
706711530535,20.0
551972724558,21.0
955099440993,19.0
296950225202,72.5
449691454748,21.0
119194819365,19.2
341598013517,54.74332648870637
926492892497,67.4551676933607
846161019971,22.0
456043823379,19.0
166141323302,22.5
717096758205,20.0
207275791415,78.20396988364135
612846439329,23.0
864075417113,24.0
959696927213,58.36824093086928
880811779741,19.0
907173410181,19.0
104230378530,21.0
800520411823,22.0
648249718476,11.76164384
616650002943,49.0
302717422870,57.22108145106093
175836676634,13.0
546466749045,20.0
211816595199,45.61533196440794
538224989757,23.0
357408449075,45.25667351129363
802577239020,10.09041096
674684870917,21.0
824258100265,19.0
445357467271,22.5
648515033769,14.42
310907729263,70.55989048596851
112365363383,22.0
345317688447,27.0
250739202322,23.0
890940320423,31.0
484948078712,58.04243668720055
423076478965,33.0
388025307838,13.0
207254625725,21.0
291670704840,14.0
203218358650,25.0
371655681187,21.0
480168790227,34.0
389059678082,9.282191781
232954346633,22.5
491354632411,23.0
890363771287,74.01232032854209
528365243313,19.0
453679403294,19.0
691921149119,29.49760438056126
530581463174,36.46817248459959
877523533189,22.0
451748173269,23.0
570598617499,11.8109589
452339919944,27.0
935002971646,9.619178082
123319906652,11.50718686
430212986919,24.85420944558521
330605044269,21.0
619614013878,40.0
725586193692,23.0
891643843487,21.0
694932022560,27.5
139265000445,21.0
421557870822,20.0
360501602626,23.0
358063655154,21.0
333684578808,11.66027397
525079718146,44.2
443441729661,27.5
241198125340,21.0
989610403127,58.71594798083505
775870565890,13.21643836
665112865981,19.0
784746686469,12.2546
651562292984,21.0
487347404192,21.0
350232178893,21.0
334239670511,19.0
975567474439,10.99
806757429701,69.60985626283367
565839592675,22.0
872310189561,25.0
869287444915,22.5
878901535563,21.0
287389356878,74.0
149522007327,23.0
111786255278,19.0
955861473301,69.0
304120926484,12.0
125891952943,19.0
987405498938,14.0
441895637368,34.0
844809889086,20.34
876168816548,14.0
613987073343,27.5
426538206069,25.0
473893612384,21.0
163329912000,25.0
242113707606,25.0
565025526070,21.0
239667774037,19.0
846911830744,12.25
620369093938,10.7529
488848096628,20.0
522535703135,77.0
772805471815,25.0
918148858049,12.16438356
686082388541,30.0
526462261938,21.0
443563336342,19.0
494597935437,22.0
724285887201,21.0
858715801001,19.0
563294691785,8.783561644
437563318459,11.0
527212529902,19.0
810607919990,22.0
366419892031,27.0
837432293199,32.361396303901444
314392017666,21.0
169489783028,41.82067077344285
309746819287,30.417522245037645
997337611588,23.0
427009086482,10.2218
974659202683,14.0
787417420604,23.0
442200955077,44.20533880903491
399087126702,19.0
707875583398,23.0
398759391290,55.58110882956878
832211824826,36.0
429708332868,23.0
515081497394,21.0
845938829891,21.0
348206206376,20.0
142069343741,19.0
984146928463,60.895277207392205
341274549863,21.0
305035849276,25.0
951545085553,28.5613
801540568785,27.0
178636788500,21.0
121916223122,72.5
798868156113,11.9
213073713974,11.8816
866415490846,16.0
726357481279,25.0
939910199671,34.0
213494831059,11.1999
482555510183,19.0
960401383220,23.0
639549203110,20.9
268346653282,22.0
695333487294,9.229295
465311144460,27.0
612159600570,19.0
345814656280,81.94113620807666
973735615773,19.0
757266037663,25.0
528349758820,26.0
111020130501,21.0
861531345127,19.0
703811884563,19.0
868388089302,19.0
375011751246,21.0
536879781890,19.0
417519708424,21.0
731053537710,28.0
801779602005,23.0
633708423748,21.0
293359437443,23.0
308203540046,23.0
217737190292,16.1
521130407753,19.0
557844531627,23.0
334015511861,8.0
274305053661,23.0
132529129288,11.0
218946650908,20.0
548382705939,14.25
842437178908,10.0
981966417728,29.85
125580637682,24.0
687905632775,21.0
314809725029,14.0
812837651289,9.1068
550394965552,32.0
104625609853,21.38261464750171
787231969341,59.0
184653081457,27.5
399293606571,37.0
436435395823,50.5242984257358
501401162183,62.5
940869963183,19.0
940263536733,24.26
915647446189,19.0
535707981968,24.0
782541652483,22.5
872890949648,23.0
566211969588,23.0
341486332051,9.0
722431421602,21.0
350614246455,21.0
239134718630,21.0
751517719808,24.0
600488415104,25.0
197226188680,60.46269678302532
244062002869,8.0
479540589250,19.0
383278900382,21.0
943000203930,22.0
940884975885,19.0
600444550688,22.5
819728345558,12.0
601575314713,18.0
683939707752,63.81656399726214
202694887076,23.0
967034372580,9.887671233
470124848081,33.0
552670227215,12.42739726
252716718575,21.0
774375266270,22.5
795872008215,21.0
806223413897,23.0
739807799326,15.35
446116942428,13.63
906156735518,25.661875427789184
368153573682,75.97262149212868
596962321361,9.375342466
702874441281,72.5
381299063045,21.0
406506048364,10.24109589
904963069377,19.0
867260065005,42.507871321013006
378455376400,14.0
564848221621,23.2909
143693932248,14.2
935183687348,19.0
261666162953,28.0
510703389436,21.0
300202586409,21.0
443216080871,21.0
351385167537,27.83572895277207
237774525299,24.0
255136963981,28.0
421587906428,19.0
416382670304,25.0
242738003665,21.0
279716221372,13.0
876065686543,14.25
561139464018,69.0
382503391733,21.0
644906648465,27.0
425345863440,21.0
942097864031,22.647501711156742
133104642441,25.0
310951661896,25.0
929587773359,23.0
658776671303,17.83
403901799268,35.0
609017504616,19.0
334710741179,9.021917808
133559617458,42.0
287694968928,58.28062970568104
921444161224,21.0
910309160908,27.5
978703528815,33.0
280491821637,11.04109589
206815249910,45.7741273100616
179730432713,24.0
855788658491,27.822039698836413
114383938758,22.5
377767908219,55.08829568788501
346545954848,11.15890411
320423880026,25.0
443699143391,19.0
418508603690,19.0
101404752059,31.0
541568909688,7.0
752827719198,20.0
960700816342,28.0
798827199180,19.0
403072282252,19.0
337609361472,21.0
295485375852,13.0
576627281914,37.5
764231879634,27.5
833405084335,24.0
766685974606,13.92
717749803047,23.0
424384119731,19.0
259391245786,59.0
116096622843,15.0
341853067493,9.9
660642229990,19.0
874881043824,21.0
612699294349,38.0
335118521931,21.0
415092780642,21.0
429376973784,21.0
805727987150,45.37987679671458
640225753017,11.0
372796067335,34.0
855367719661,13.0
214324126120,21.0
816361417384,21.0
768580810599,23.0
105890017872,10.96712329
296199045528,22.5
110648343433,22.0
948196399366,10.92
247003464078,21.0
789284069383,24.17522245037645
355720694224,72.13141683778234
617228447780,21.0
632509073360,11.55
250511855843,8.9747
886636260175,21.0
573108584695,19.0
978611220179,21.0
172216873628,24.0
324287385116,60.86789869952089
494149399145,10.30410959
809580291106,30.0
144197550366,21.0
566155888990,24.28473648186174
277072542882,27.0
865130064686,23.0
962058833465,12.0
479008488319,21.0
257828464685,19.0
978719853586,36.70636550308008
593517093579,22.5
610293547167,21.0
682373025096,16.5
137109291560,11.0
994089426413,27.9
667802455407,58.0
375744717263,19.0
992939872393,24.0
155704740362,23.0
421547770064,8.506849315
377800494410,19.0
299690677871,32.0
271880337764,19.0
153874780317,21.0
190572977508,21.0
812214146764,19.08
933669624404,24.8952772073922
398220399143,27.0
947029891941,25.0
998196661811,20.0
818138400676,62.80355920602327
399633402331,15.75
806984120210,57.5
720493926180,8.594520548
450416431697,21.0
105288153937,15.92
994666209803,37.5
251693910372,11.0
288264084208,7.764544832
914173373482,23.0
922622292927,21.0
518818481065,23.0
368864599927,46.89664613278576
758975121093,19.0
326733202937,19.0
166414771116,28.3669
685152998724,21.0
606245703129,19.0
797020001946,23.0
988922689261,39.0
743352477595,27.5
688740919551,9.808219178
567138629151,24.6
881950556152,14.0
391717879650,19.0
232903721765,19.0
366954527967,10.25
993886391753,60.0164271047228
865831043042,12.36164384
282274124491,13.24931507
934881118276,21.0
443586727583,18.0
427255899112,13.0
494562255867,12.9
916542852934,27.5
523987222100,21.0
975770121455,8.2
466416085736,13.0
958916458255,11.4962
899087531809,10.43561644
543380072448,20.0
144960174539,23.0
572750930282,21.0
367831112850,27.0
903137810093,18.0
974416298113,33.0
346578532827,26.0
642488241612,25.0
630442925754,23.0
717923170669,58.0
127621480063,19.0
948053748378,25.0
815980899157,10.80547945
175461878916,16.3943
129609320842,34.47775496235455
502800059899,21.0
502254701139,17.0
557526146186,19.0
264782182812,55.0
278098605573,17.2
568610648241,14.0
693783915366,19.0
717904447748,7.0
215309667822,23.0
426162600454,19.0
736060141260,44.8514715947981
901853622053,24.0
565741667065,15.1
680398942665,21.0
952405077290,19.0
226872124353,18.0
750206436120,25.0
474905652662,23.0
923062764742,27.5
678999721414,27.5
347536493520,21.0
975176498961,21.0
276630944980,72.5
775700335060,12.0
931789686026,21.0
602900008789,29.27857631759069
178028010876,23.0
552444560261,69.6892539356605
500210727969,19.0
717875401784,65.11430527036276
657153755669,31.0
805806601715,18.0
606619069147,14.2
283866019979,25.0
996716777224,23.0
772653333590,20.0
828187678695,8.1
948402139122,21.0
652391251578,19.0
238305757701,21.0
617551838591,26.0
582956839439,21.0
914841201324,25.0
142380817861,21.0
525443507902,14.0
661217121523,21.0
483923683945,25.4072553045859
788492862739,69.0
979591660457,19.0
887907228454,21.0
288275511552,57.06776180698152
604727014440,15.25
803554308913,22.0
154926948330,21.0
424379445589,19.0
272887401785,21.0
716652117874,72.5
882803056246,27.5
644890417557,21.0
157479410408,19.0
919231839233,21.0
757369811232,21.0
187117061343,24.0
318994317964,16.0
214490071049,6.685832
134360128280,22.5
158500314736,32.0
336832105241,32.5
749050549103,18.8008
500943633771,21.0
582536446323,24.0
568161091231,51.65776865160849
976941323987,21.0
573830855349,21.0
974114228993,19.0
426134424341,18.0
560549455828,27.5
784538675800,19.0
593650733821,27.0
342263404069,25.0
540417431290,18.0
741157514614,19.0
284188545251,21.0
100263562592,21.0
708489424449,23.0
299666419729,30.0
937301500163,21.0
553719287153,22.5
463896670279,19.0
954625005461,12.74246575
798608728848,19.0
522546505826,54.21492128678987
619633240608,21.0
421334775387,41.22929500342232
970724365551,19.0
551457299823,12.70136986
665303060615,19.0
290730786497,41.12251882272415
295818217348,21.0
453954863516,19.0
193705299750,21.0
286013330597,12.16438356
499165373448,33.0
512558933065,27.5
303198127376,67.53456536618754
461789283926,12.66
596190685497,15.2
372903120618,12.0
848863381663,13.78
849439788219,19.0
468044019609,21.0
492227230800,19.0
494054491223,21.0
730918684622,10.12328767
517485012755,20.0
675221521310,18.1383
524609168470,21.0
561045643649,22.5
480228126690,16.03
976139172060,21.0
984786358175,57.702943189596176
555813233988,25.58521560574949
395113287039,50.3956194387406
326649012046,19.0
853076739302,18.75
541821932799,19.0
829279911985,19.0
864390147957,27.5
834928817578,63.41683778234086
611990204992,21.0
579120328387,12.51232877
433901926108,27.5
820231231679,40.0
397789536679,29.0
250777583312,22.0
564557955687,79.0
881702885069,25.0
967482205242,14.0
808157587639,23.0
592933699184,23.0
643156878338,18.0
127024850810,19.0
385965134643,48.0
256138999520,22.5
878981166880,25.0
343940609775,22.0
513432871555,11.0
921858841687,21.0
628893530541,9.189041096
389561985623,19.0
160079241762,24.0
212174852658,19.0
895750786932,28.0
345577831841,23.0
213536717598,30.0
888390950359,35.02258726899384
963802934589,19.0
387627806786,19.0
852119035315,29.0
513571495706,11.3
844502343291,23.0
368981431172,21.0
536531144180,21.0
873856873596,71.0
635354190905,21.0
864521527320,27.5
704648129030,9.0
329178400817,25.0
590290455236,11.23013699
789237283790,12.66027397
240921511661,19.0
930887135237,12.0
323003434264,23.0
622843285408,21.0
157747575462,21.0
714133828625,29.0
964531986227,57.86447638603696
690700446552,19.0
953700135343,20.0
743455835231,37.0
605373904061,23.0
209325230764,16.0
760566903733,22.0
219362965054,21.0
569532759972,64.26830937713895
212082942916,19.0
839253254886,19.0
522815183788,21.0
428405531533,8.873972603
517171317509,21.0
853205286014,27.0
672666802566,19.0
425902114613,22.5
483402142821,22.5
819345651599,10.0
119909871257,15.0
682089304633,27.5
433613356059,19.0
969765470206,18.0
238616702365,63.4031485284052
209401728890,19.0
730071150053,19.0
318523911068,19.0
739389914455,23.0
326017893990,72.14510609171799
402295700509,17.0
347308296503,22.0
198357080175,25.0
872219746706,26.0
761787072334,21.0
383918872195,19.0
460516282099,35.446954140999324
228707233803,24.3750855578371
331339723620,19.0
754258049359,21.0
378447768137,21.0
659885055931,22.0
157912888148,21.0
145200850196,23.0
538011067524,19.0
875946477747,18.0
788416388677,31.61670088980151
300059242922,21.0
518056224773,27.0
419439734818,19.0
831631755294,14.9432
386384203868,21.0
955777977378,64.57768651608487
539211759402,24.0
651378609045,10.0
978760006475,13.77
734267087534,19.0
110519368768,11.3369863
321009379265,22.5
815780161044,18.0
512419690162,19.0
938380050399,23.0
489027396007,12.25
702763965954,27.0
482033781584,23.0
923406567679,13.0
831623495535,18.0
891338570370,10.63013699
675854313594,16.05
171539146010,23.0
681456690857,24.0
766890196426,22.0
269937866674,21.0
784844785371,19.0
465791099145,25.0
723425355879,22.0
908407882813,19.0
683077578493,19.0
285593347262,21.0
524224102666,68.15058179329226
905823095507,19.7
457967549631,22.5
638598699448,19.0
255882149200,56.67624914442163
989482280855,19.0
865463279252,10.60821918
938896811577,10.26849315
155433706397,50.023271731690606
607808523191,23.0
373873295969,21.0
868182247503,27.0
678520978380,49.04312114989733
816072514616,47.014373716632434
404282612970,21.0
234330619817,21.0
913530350055,23.0
313720413578,27.4114
750196886752,62.42573579739904
106297012000,22.0
229569889740,9.82
434327587010,20.0
756104556615,25.0
366954944274,23.0
443528393725,20.0
784744094165,21.0
900153837660,12.6
520988708445,21.0
775521066439,68.48186173853524
319716522814,19.0
566100490218,20.0
137613044284,27.5
917008309577,33.0
986553319740,29.0
701904337000,40.36139630390144
512752293894,9.0
196183703425,13.0
449504710644,13.85
232331035108,72.5
710653466581,62.5
554090328633,22.5
962108996665,8.333333332999999
407652242836,18.2
419512319299,21.0
464956463990,32.5
343373917254,28.0
987076720776,12.77
